meritTemplate.title,meritTemplate.description,meritTemplate.canOnlyBeSentOnce,meritTemplate.coverPhotoId,meritTemplate.coverPhotoFileName,field.name,field.fieldType,field.description,field.newEnabled,field.newRequired,field.newValueForAllMerits,field.name,field.fieldType,field.description,field.newEnabled,field.newRequired,field.newValueForAllMerits,field.name,field.fieldType,field.description,field.newEnabled,field.newRequired,field.newValueForAllMerits,field.name,field.fieldType,field.description,field.newEnabled,field.newRequired,field.newValueForAllMerits,field.name,field.fieldType,field.description,field.newEnabled,field.newRequired,field.newValueForAllMerits,field.name,field.fieldType,field.description,field.newEnabled,field.newRequired,field.newValueForAllMerits,field.name,field.fieldType,field.description,field.newEnabled,field.newRequired,field.newValueForAllMerits,field.name,field.fieldType,field.description,field.newEnabled,field.newRequired,field.newValueForAllMerits,field.name,field.fieldType,field.description,field.newEnabled,field.newRequired,field.newValueForAllMerits,field.name,field.fieldType,field.description,field.newEnabled,field.newRequired,field.newValueForAllMerits,field.name,field.fieldType,field.description,field.newEnabled,field.newRequired,field.newValueForAllMerits,field.name,field.fieldType,field.description,field.newEnabled,field.newRequired,field.newValueForAllMerits,field.name,field.fieldType,field.description,field.newEnabled,field.newRequired,field.newValueForAllMerits,field.name,field.fieldType,field.description,field.newEnabled,field.newRequired,field.newValueForAllMerits,field.name,field.fieldType,field.description,field.newEnabled,field.newRequired,field.newValueForAllMerits,field.name,field.fieldType,field.description,field.newEnabled,field.newRequired,field.newValueForAllMerits,field.name,field.fieldType,field.description,field.newEnabled,field.newRequired,field.newValueForAllMerits,field.name,field.fieldType,field.description,field.newEnabled,field.newRequired,field.newValueForAllMerits,field.name,field.fieldType,field.description,field.newEnabled,field.newRequired,field.newValueForAllMerits,field.name,field.fieldType,field.description,field.newEnabled,field.newRequired,field.newValueForAllMerits,field.name,field.fieldType,field.description,field.newEnabled,field.newRequired,field.newValueForAllMerits,field.name,field.fieldType,field.description,field.newEnabled,field.newRequired,field.newValueForAllMerits,field.name,field.fieldType,field.description,field.newEnabled,field.newRequired,field.newValueForAllMerits,field.name,field.fieldType,field.description,field.newEnabled,field.newRequired,field.newValueForAllMerits,field.name,field.fieldType,field.description,field.newEnabled,field.newRequired,field.newValueForAllMerits,field.name,field.fieldType,field.description,field.newEnabled,field.newRequired,field.newValueForAllMerits,field.name,field.fieldType,field.description,field.newEnabled,field.newRequired,field.newValueForAllMerits,field.name,field.fieldType,field.description,field.newEnabled,field.newRequired,field.newValueForAllMerits,field.name,field.fieldType,field.description,field.newEnabled,field.newRequired,field.newValueForAllMerits,field.name,field.fieldType,field.description,field.newEnabled,field.newRequired,field.newValueForAllMerits,field.name,field.fieldType,field.description,field.newEnabled,field.newRequired,field.newValueForAllMerits,field.name,field.fieldType,field.description,field.newEnabled,field.newRequired,field.newValueForAllMerits,field.name,field.fieldType,field.description,field.newEnabled,field.newRequired,field.newValueForAllMerits,field.name,field.fieldType,field.description,field.newEnabled,field.newRequired,field.newValueForAllMerits,field.name,field.fieldType,field.description,field.newEnabled,field.newRequired,field.newValueForAllMerits
Template title 1,Template description 1,FALSE,5eb1ceb99fe6f700070e1e4f,filename.png,Field 1-1,ShortText,FieldDescription 1-1,TRUE,TRUE,,Field 1-2,ShortText,FieldDescription 1-2,TRUE,TRUE,,Field 1-3,ShortText,FieldDescription 1-3,TRUE,TRUE,,Field 1-4,ShortText,FieldDescription 1-4,TRUE,TRUE,,Field 1-5,ShortText,FieldDescription 1-5,TRUE,TRUE,,Field 1-6,ShortText,FieldDescription 1-6,TRUE,TRUE,,Field 1-7,ShortText,FieldDescription 1-7,TRUE,TRUE,,Field 1-8,ShortText,FieldDescription 1-8,TRUE,TRUE,,Field 1-9,ShortText,FieldDescription 1-9,TRUE,TRUE,,Field 1-10,ShortText,FieldDescription 1-10,TRUE,TRUE,,Field 1-11,ShortText,FieldDescription 1-11,TRUE,TRUE,,Field 1-12,ShortText,FieldDescription 1-12,TRUE,TRUE,,Field 1-13,ShortText,FieldDescription 1-13,TRUE,TRUE,,Field 1-14,ShortText,FieldDescription 1-14,TRUE,TRUE,,Field 1-15,ShortText,FieldDescription 1-15,TRUE,TRUE,,Field 1-16,ShortText,FieldDescription 1-16,TRUE,TRUE,,Field 1-17,ShortText,FieldDescription 1-17,TRUE,TRUE,,Field 1-18,ShortText,FieldDescription 1-18,TRUE,TRUE,,Field 1-19,ShortText,FieldDescription 1-19,TRUE,TRUE,,Field 1-20,ShortText,FieldDescription 1-20,TRUE,TRUE,,Field 1-21,ShortText,FieldDescription 1-21,TRUE,TRUE,,Field 1-22,ShortText,FieldDescription 1-22,TRUE,TRUE,,Field 1-23,ShortText,FieldDescription 1-23,TRUE,TRUE,,Field 1-24,ShortText,FieldDescription 1-24,TRUE,TRUE,,Field 1-25,ShortText,FieldDescription 1-25,TRUE,TRUE,,Field 1-26,ShortText,FieldDescription 1-26,TRUE,TRUE,,Field 1-27,ShortText,FieldDescription 1-27,TRUE,TRUE,,Field 1-28,ShortText,FieldDescription 1-28,TRUE,TRUE,,Field 1-29,ShortText,FieldDescription 1-29,TRUE,TRUE,,Field 1-30,ShortText,FieldDescription 1-30,TRUE,TRUE,,Field 1-31,ShortText,FieldDescription 1-31,TRUE,TRUE,,Field 1-32,ShortText,FieldDescription 1-32,TRUE,TRUE,,Field 1-33,ShortText,FieldDescription 1-33,TRUE,TRUE,,Field 1-34,ShortText,FieldDescription 1-34,TRUE,TRUE,,Field 1-35,ShortText,FieldDescription 1-35,TRUE,TRUE,
Template title 2,Template description 2,TRUE,5eb1ceb99fe6f700070e1e4f,filename.png,Field 2-1,LongText,FieldDescription 2-1,FALSE,TRUE,,Field 2-2,LongText,FieldDescription 2-2,FALSE,TRUE,,Field 2-3,LongText,FieldDescription 2-3,FALSE,TRUE,,Field 2-4,LongText,FieldDescription 2-4,FALSE,TRUE,,Field 2-5,LongText,FieldDescription 2-5,FALSE,TRUE,,Field 2-6,LongText,FieldDescription 2-6,FALSE,TRUE,,Field 2-7,LongText,FieldDescription 2-7,FALSE,TRUE,,Field 2-8,LongText,FieldDescription 2-8,FALSE,TRUE,,Field 2-9,LongText,FieldDescription 2-9,FALSE,TRUE,,Field 2-10,LongText,FieldDescription 2-10,FALSE,TRUE,,Field 2-11,LongText,FieldDescription 2-11,FALSE,TRUE,,Field 2-12,LongText,FieldDescription 2-12,FALSE,TRUE,,Field 2-13,LongText,FieldDescription 2-13,FALSE,TRUE,,Field 2-14,LongText,FieldDescription 2-14,FALSE,TRUE,,Field 2-15,LongText,FieldDescription 2-15,FALSE,TRUE,,Field 2-16,LongText,FieldDescription 2-16,FALSE,TRUE,,Field 2-17,LongText,FieldDescription 2-17,FALSE,TRUE,,Field 2-18,LongText,FieldDescription 2-18,FALSE,TRUE,,Field 2-19,LongText,FieldDescription 2-19,FALSE,TRUE,,Field 2-20,LongText,FieldDescription 2-20,FALSE,TRUE,,Field 2-21,LongText,FieldDescription 2-21,FALSE,TRUE,,Field 2-22,LongText,FieldDescription 2-22,FALSE,TRUE,,Field 2-23,LongText,FieldDescription 2-23,FALSE,TRUE,,Field 2-24,LongText,FieldDescription 2-24,FALSE,TRUE,,Field 2-25,LongText,FieldDescription 2-25,FALSE,TRUE,,Field 2-26,LongText,FieldDescription 2-26,FALSE,TRUE,,Field 2-27,LongText,FieldDescription 2-27,FALSE,TRUE,,Field 2-28,LongText,FieldDescription 2-28,FALSE,TRUE,,Field 2-29,LongText,FieldDescription 2-29,FALSE,TRUE,,Field 2-30,LongText,FieldDescription 2-30,FALSE,TRUE,,Field 2-31,LongText,FieldDescription 2-31,FALSE,TRUE,,Field 2-32,LongText,FieldDescription 2-32,FALSE,TRUE,,Field 2-33,LongText,FieldDescription 2-33,FALSE,TRUE,,Field 2-34,LongText,FieldDescription 2-34,FALSE,TRUE,,Field 2-35,LongText,FieldDescription 2-35,FALSE,TRUE,
Template title 3,Template description 3,FALSE,5eb1ceb99fe6f700070e1e4f,filename.png,Field 3-1,Date,FieldDescription 3-1,TRUE,FALSE,,Field 3-2,Date,FieldDescription 3-2,TRUE,FALSE,,Field 3-3,Date,FieldDescription 3-3,TRUE,FALSE,,Field 3-4,Date,FieldDescription 3-4,TRUE,FALSE,,Field 3-5,Date,FieldDescription 3-5,TRUE,FALSE,,Field 3-6,Date,FieldDescription 3-6,TRUE,FALSE,,Field 3-7,Date,FieldDescription 3-7,TRUE,FALSE,,Field 3-8,Date,FieldDescription 3-8,TRUE,FALSE,,Field 3-9,Date,FieldDescription 3-9,TRUE,FALSE,,Field 3-10,Date,FieldDescription 3-10,TRUE,FALSE,,Field 3-11,Date,FieldDescription 3-11,TRUE,FALSE,,Field 3-12,Date,FieldDescription 3-12,TRUE,FALSE,,Field 3-13,Date,FieldDescription 3-13,TRUE,FALSE,,Field 3-14,Date,FieldDescription 3-14,TRUE,FALSE,,Field 3-15,Date,FieldDescription 3-15,TRUE,FALSE,,Field 3-16,Date,FieldDescription 3-16,TRUE,FALSE,,Field 3-17,Date,FieldDescription 3-17,TRUE,FALSE,,Field 3-18,Date,FieldDescription 3-18,TRUE,FALSE,,Field 3-19,Date,FieldDescription 3-19,TRUE,FALSE,,Field 3-20,Date,FieldDescription 3-20,TRUE,FALSE,,Field 3-21,Date,FieldDescription 3-21,TRUE,FALSE,,Field 3-22,Date,FieldDescription 3-22,TRUE,FALSE,,Field 3-23,Date,FieldDescription 3-23,TRUE,FALSE,,Field 3-24,Date,FieldDescription 3-24,TRUE,FALSE,,Field 3-25,Date,FieldDescription 3-25,TRUE,FALSE,,Field 3-26,Date,FieldDescription 3-26,TRUE,FALSE,,Field 3-27,Date,FieldDescription 3-27,TRUE,FALSE,,Field 3-28,Date,FieldDescription 3-28,TRUE,FALSE,,Field 3-29,Date,FieldDescription 3-29,TRUE,FALSE,,Field 3-30,Date,FieldDescription 3-30,TRUE,FALSE,,Field 3-31,Date,FieldDescription 3-31,TRUE,FALSE,,Field 3-32,Date,FieldDescription 3-32,TRUE,FALSE,,Field 3-33,Date,FieldDescription 3-33,TRUE,FALSE,,Field 3-34,Date,FieldDescription 3-34,TRUE,FALSE,,Field 3-35,Date,FieldDescription 3-35,TRUE,FALSE,
Template title 4,Template description 4,FALSE,5eb1ceb99fe6f700070e1e4f,filename.png,Field 4-1,Checkbox,FieldDescription 4-1,TRUE,TRUE,,Field 4-2,Checkbox,FieldDescription 4-2,TRUE,TRUE,,Field 4-3,Checkbox,FieldDescription 4-3,TRUE,TRUE,,Field 4-4,Checkbox,FieldDescription 4-4,TRUE,TRUE,,Field 4-5,Checkbox,FieldDescription 4-5,TRUE,TRUE,,Field 4-6,Checkbox,FieldDescription 4-6,TRUE,TRUE,,Field 4-7,Checkbox,FieldDescription 4-7,TRUE,TRUE,,Field 4-8,Checkbox,FieldDescription 4-8,TRUE,TRUE,,Field 4-9,Checkbox,FieldDescription 4-9,TRUE,TRUE,,Field 4-10,Checkbox,FieldDescription 4-10,TRUE,TRUE,,Field 4-11,Checkbox,FieldDescription 4-11,TRUE,TRUE,,Field 4-12,Checkbox,FieldDescription 4-12,TRUE,TRUE,,Field 4-13,Checkbox,FieldDescription 4-13,TRUE,TRUE,,Field 4-14,Checkbox,FieldDescription 4-14,TRUE,TRUE,,Field 4-15,Checkbox,FieldDescription 4-15,TRUE,TRUE,,Field 4-16,Checkbox,FieldDescription 4-16,TRUE,TRUE,,Field 4-17,Checkbox,FieldDescription 4-17,TRUE,TRUE,,Field 4-18,Checkbox,FieldDescription 4-18,TRUE,TRUE,,Field 4-19,Checkbox,FieldDescription 4-19,TRUE,TRUE,,Field 4-20,Checkbox,FieldDescription 4-20,TRUE,TRUE,,Field 4-21,Checkbox,FieldDescription 4-21,TRUE,TRUE,,Field 4-22,Checkbox,FieldDescription 4-22,TRUE,TRUE,,Field 4-23,Checkbox,FieldDescription 4-23,TRUE,TRUE,,Field 4-24,Checkbox,FieldDescription 4-24,TRUE,TRUE,,Field 4-25,Checkbox,FieldDescription 4-25,TRUE,TRUE,,Field 4-26,Checkbox,FieldDescription 4-26,TRUE,TRUE,,Field 4-27,Checkbox,FieldDescription 4-27,TRUE,TRUE,,Field 4-28,Checkbox,FieldDescription 4-28,TRUE,TRUE,,Field 4-29,Checkbox,FieldDescription 4-29,TRUE,TRUE,,Field 4-30,Checkbox,FieldDescription 4-30,TRUE,TRUE,,Field 4-31,Checkbox,FieldDescription 4-31,TRUE,TRUE,,Field 4-32,Checkbox,FieldDescription 4-32,TRUE,TRUE,,Field 4-33,Checkbox,FieldDescription 4-33,TRUE,TRUE,,Field 4-34,Checkbox,FieldDescription 4-34,TRUE,TRUE,,Field 4-35,Checkbox,FieldDescription 4-35,TRUE,TRUE,
Template title 5,Template description 5,FALSE,5eb1ceb99fe6f700070e1e4f,filename.png,Field 5-1,ShortText,FieldDescription 5-1,TRUE,FALSE,,Field 5-2,ShortText,FieldDescription 5-2,TRUE,FALSE,,Field 5-3,ShortText,FieldDescription 5-3,TRUE,FALSE,,Field 5-4,ShortText,FieldDescription 5-4,TRUE,FALSE,,Field 5-5,ShortText,FieldDescription 5-5,TRUE,FALSE,,Field 5-6,ShortText,FieldDescription 5-6,TRUE,FALSE,,Field 5-7,ShortText,FieldDescription 5-7,TRUE,FALSE,,Field 5-8,ShortText,FieldDescription 5-8,TRUE,FALSE,,Field 5-9,ShortText,FieldDescription 5-9,TRUE,FALSE,,Field 5-10,ShortText,FieldDescription 5-10,TRUE,FALSE,,Field 5-11,ShortText,FieldDescription 5-11,TRUE,FALSE,,Field 5-12,ShortText,FieldDescription 5-12,TRUE,FALSE,,Field 5-13,ShortText,FieldDescription 5-13,TRUE,FALSE,,Field 5-14,ShortText,FieldDescription 5-14,TRUE,FALSE,,Field 5-15,ShortText,FieldDescription 5-15,TRUE,FALSE,,Field 5-16,ShortText,FieldDescription 5-16,TRUE,FALSE,,Field 5-17,ShortText,FieldDescription 5-17,TRUE,FALSE,,Field 5-18,ShortText,FieldDescription 5-18,TRUE,FALSE,,Field 5-19,ShortText,FieldDescription 5-19,TRUE,FALSE,,Field 5-20,ShortText,FieldDescription 5-20,TRUE,FALSE,,Field 5-21,ShortText,FieldDescription 5-21,TRUE,FALSE,,Field 5-22,ShortText,FieldDescription 5-22,TRUE,FALSE,,Field 5-23,ShortText,FieldDescription 5-23,TRUE,FALSE,,Field 5-24,ShortText,FieldDescription 5-24,TRUE,FALSE,,Field 5-25,ShortText,FieldDescription 5-25,TRUE,FALSE,,Field 5-26,ShortText,FieldDescription 5-26,TRUE,FALSE,,Field 5-27,ShortText,FieldDescription 5-27,TRUE,FALSE,,Field 5-28,ShortText,FieldDescription 5-28,TRUE,FALSE,,Field 5-29,ShortText,FieldDescription 5-29,TRUE,FALSE,,Field 5-30,ShortText,FieldDescription 5-30,TRUE,FALSE,,Field 5-31,ShortText,FieldDescription 5-31,TRUE,FALSE,,Field 5-32,ShortText,FieldDescription 5-32,TRUE,FALSE,,Field 5-33,ShortText,FieldDescription 5-33,TRUE,FALSE,,Field 5-34,ShortText,FieldDescription 5-34,TRUE,FALSE,,Field 5-35,ShortText,FieldDescription 5-35,TRUE,FALSE,
Template title 6,Template description 6,FALSE,5eb1ceb99fe6f700070e1e4f,filename.png,Field 6-1,LongText,FieldDescription 6-1,TRUE,TRUE,,Field 6-2,LongText,FieldDescription 6-2,TRUE,TRUE,,Field 6-3,LongText,FieldDescription 6-3,TRUE,TRUE,,Field 6-4,LongText,FieldDescription 6-4,TRUE,TRUE,,Field 6-5,LongText,FieldDescription 6-5,TRUE,TRUE,,Field 6-6,LongText,FieldDescription 6-6,TRUE,TRUE,,Field 6-7,LongText,FieldDescription 6-7,TRUE,TRUE,,Field 6-8,LongText,FieldDescription 6-8,TRUE,TRUE,,Field 6-9,LongText,FieldDescription 6-9,TRUE,TRUE,,Field 6-10,LongText,FieldDescription 6-10,TRUE,TRUE,,Field 6-11,LongText,FieldDescription 6-11,TRUE,TRUE,,Field 6-12,LongText,FieldDescription 6-12,TRUE,TRUE,,Field 6-13,LongText,FieldDescription 6-13,TRUE,TRUE,,Field 6-14,LongText,FieldDescription 6-14,TRUE,TRUE,,Field 6-15,LongText,FieldDescription 6-15,TRUE,TRUE,,Field 6-16,LongText,FieldDescription 6-16,TRUE,TRUE,,Field 6-17,LongText,FieldDescription 6-17,TRUE,TRUE,,Field 6-18,LongText,FieldDescription 6-18,TRUE,TRUE,,Field 6-19,LongText,FieldDescription 6-19,TRUE,TRUE,,Field 6-20,LongText,FieldDescription 6-20,TRUE,TRUE,,Field 6-21,LongText,FieldDescription 6-21,TRUE,TRUE,,Field 6-22,LongText,FieldDescription 6-22,TRUE,TRUE,,Field 6-23,LongText,FieldDescription 6-23,TRUE,TRUE,,Field 6-24,LongText,FieldDescription 6-24,TRUE,TRUE,,Field 6-25,LongText,FieldDescription 6-25,TRUE,TRUE,,Field 6-26,LongText,FieldDescription 6-26,TRUE,TRUE,,Field 6-27,LongText,FieldDescription 6-27,TRUE,TRUE,,Field 6-28,LongText,FieldDescription 6-28,TRUE,TRUE,,Field 6-29,LongText,FieldDescription 6-29,TRUE,TRUE,,Field 6-30,LongText,FieldDescription 6-30,TRUE,TRUE,,Field 6-31,LongText,FieldDescription 6-31,TRUE,TRUE,,Field 6-32,LongText,FieldDescription 6-32,TRUE,TRUE,,Field 6-33,LongText,FieldDescription 6-33,TRUE,TRUE,,Field 6-34,LongText,FieldDescription 6-34,TRUE,TRUE,,Field 6-35,LongText,FieldDescription 6-35,TRUE,TRUE,
Template title 7,Template description 7,FALSE,5eb1ceb99fe6f700070e1e4f,filename.png,Field 7-1,ShortText,FieldDescription 7-1,FALSE,FALSE,,Field 7-2,ShortText,FieldDescription 7-2,FALSE,FALSE,,Field 7-3,ShortText,FieldDescription 7-3,FALSE,FALSE,,Field 7-4,ShortText,FieldDescription 7-4,FALSE,FALSE,,Field 7-5,ShortText,FieldDescription 7-5,FALSE,FALSE,,Field 7-6,ShortText,FieldDescription 7-6,FALSE,FALSE,,Field 7-7,ShortText,FieldDescription 7-7,FALSE,FALSE,,Field 7-8,ShortText,FieldDescription 7-8,FALSE,FALSE,,Field 7-9,ShortText,FieldDescription 7-9,FALSE,FALSE,,Field 7-10,ShortText,FieldDescription 7-10,FALSE,FALSE,,Field 7-11,ShortText,FieldDescription 7-11,FALSE,FALSE,,Field 7-12,ShortText,FieldDescription 7-12,FALSE,FALSE,,Field 7-13,ShortText,FieldDescription 7-13,FALSE,FALSE,,Field 7-14,ShortText,FieldDescription 7-14,FALSE,FALSE,,Field 7-15,ShortText,FieldDescription 7-15,FALSE,FALSE,,Field 7-16,ShortText,FieldDescription 7-16,FALSE,FALSE,,Field 7-17,ShortText,FieldDescription 7-17,FALSE,FALSE,,Field 7-18,ShortText,FieldDescription 7-18,FALSE,FALSE,,Field 7-19,ShortText,FieldDescription 7-19,FALSE,FALSE,,Field 7-20,ShortText,FieldDescription 7-20,FALSE,FALSE,,Field 7-21,ShortText,FieldDescription 7-21,FALSE,FALSE,,Field 7-22,ShortText,FieldDescription 7-22,FALSE,FALSE,,Field 7-23,ShortText,FieldDescription 7-23,FALSE,FALSE,,Field 7-24,ShortText,FieldDescription 7-24,FALSE,FALSE,,Field 7-25,ShortText,FieldDescription 7-25,FALSE,FALSE,,Field 7-26,ShortText,FieldDescription 7-26,FALSE,FALSE,,Field 7-27,ShortText,FieldDescription 7-27,FALSE,FALSE,,Field 7-28,ShortText,FieldDescription 7-28,FALSE,FALSE,,Field 7-29,ShortText,FieldDescription 7-29,FALSE,FALSE,,Field 7-30,ShortText,FieldDescription 7-30,FALSE,FALSE,,Field 7-31,ShortText,FieldDescription 7-31,FALSE,FALSE,,Field 7-32,ShortText,FieldDescription 7-32,FALSE,FALSE,,Field 7-33,ShortText,FieldDescription 7-33,FALSE,FALSE,,Field 7-34,ShortText,FieldDescription 7-34,FALSE,FALSE,,Field 7-35,ShortText,FieldDescription 7-35,FALSE,FALSE,
Template title 8,Template description 8,FALSE,5eb1ceb99fe6f700070e1e4f,filename.png,Field 8-1,LongText,FieldDescription 8-1,TRUE,TRUE,,Field 8-2,LongText,FieldDescription 8-2,TRUE,TRUE,,Field 8-3,LongText,FieldDescription 8-3,TRUE,TRUE,,Field 8-4,LongText,FieldDescription 8-4,TRUE,TRUE,,Field 8-5,LongText,FieldDescription 8-5,TRUE,TRUE,,Field 8-6,LongText,FieldDescription 8-6,TRUE,TRUE,,Field 8-7,LongText,FieldDescription 8-7,TRUE,TRUE,,Field 8-8,LongText,FieldDescription 8-8,TRUE,TRUE,,Field 8-9,LongText,FieldDescription 8-9,TRUE,TRUE,,Field 8-10,LongText,FieldDescription 8-10,TRUE,TRUE,,Field 8-11,LongText,FieldDescription 8-11,TRUE,TRUE,,Field 8-12,LongText,FieldDescription 8-12,TRUE,TRUE,,Field 8-13,LongText,FieldDescription 8-13,TRUE,TRUE,,Field 8-14,LongText,FieldDescription 8-14,TRUE,TRUE,,Field 8-15,LongText,FieldDescription 8-15,TRUE,TRUE,,Field 8-16,LongText,FieldDescription 8-16,TRUE,TRUE,,Field 8-17,LongText,FieldDescription 8-17,TRUE,TRUE,,Field 8-18,LongText,FieldDescription 8-18,TRUE,TRUE,,Field 8-19,LongText,FieldDescription 8-19,TRUE,TRUE,,Field 8-20,LongText,FieldDescription 8-20,TRUE,TRUE,,Field 8-21,LongText,FieldDescription 8-21,TRUE,TRUE,,Field 8-22,LongText,FieldDescription 8-22,TRUE,TRUE,,Field 8-23,LongText,FieldDescription 8-23,TRUE,TRUE,,Field 8-24,LongText,FieldDescription 8-24,TRUE,TRUE,,Field 8-25,LongText,FieldDescription 8-25,TRUE,TRUE,,Field 8-26,LongText,FieldDescription 8-26,TRUE,TRUE,,Field 8-27,LongText,FieldDescription 8-27,TRUE,TRUE,,Field 8-28,LongText,FieldDescription 8-28,TRUE,TRUE,,Field 8-29,LongText,FieldDescription 8-29,TRUE,TRUE,,Field 8-30,LongText,FieldDescription 8-30,TRUE,TRUE,,Field 8-31,LongText,FieldDescription 8-31,TRUE,TRUE,,Field 8-32,LongText,FieldDescription 8-32,TRUE,TRUE,,Field 8-33,LongText,FieldDescription 8-33,TRUE,TRUE,,Field 8-34,LongText,FieldDescription 8-34,TRUE,TRUE,,Field 8-35,LongText,FieldDescription 8-35,TRUE,TRUE,
Template title 9,Template description 9,FALSE,5eb1ceb99fe6f700070e1e4f,filename.png,Field 9-1,ShortText,FieldDescription 9-1,TRUE,TRUE,,Field 9-2,ShortText,FieldDescription 9-2,TRUE,TRUE,,Field 9-3,ShortText,FieldDescription 9-3,TRUE,TRUE,,Field 9-4,ShortText,FieldDescription 9-4,TRUE,TRUE,,Field 9-5,ShortText,FieldDescription 9-5,TRUE,TRUE,,Field 9-6,ShortText,FieldDescription 9-6,TRUE,TRUE,,Field 9-7,ShortText,FieldDescription 9-7,TRUE,TRUE,,Field 9-8,ShortText,FieldDescription 9-8,TRUE,TRUE,,Field 9-9,ShortText,FieldDescription 9-9,TRUE,TRUE,,Field 9-10,ShortText,FieldDescription 9-10,TRUE,TRUE,,Field 9-11,ShortText,FieldDescription 9-11,TRUE,TRUE,,Field 9-12,ShortText,FieldDescription 9-12,TRUE,TRUE,,Field 9-13,ShortText,FieldDescription 9-13,TRUE,TRUE,,Field 9-14,ShortText,FieldDescription 9-14,TRUE,TRUE,,Field 9-15,ShortText,FieldDescription 9-15,TRUE,TRUE,,Field 9-16,ShortText,FieldDescription 9-16,TRUE,TRUE,,Field 9-17,ShortText,FieldDescription 9-17,TRUE,TRUE,,Field 9-18,ShortText,FieldDescription 9-18,TRUE,TRUE,,Field 9-19,ShortText,FieldDescription 9-19,TRUE,TRUE,,Field 9-20,ShortText,FieldDescription 9-20,TRUE,TRUE,,Field 9-21,ShortText,FieldDescription 9-21,TRUE,TRUE,,Field 9-22,ShortText,FieldDescription 9-22,TRUE,TRUE,,Field 9-23,ShortText,FieldDescription 9-23,TRUE,TRUE,,Field 9-24,ShortText,FieldDescription 9-24,TRUE,TRUE,,Field 9-25,ShortText,FieldDescription 9-25,TRUE,TRUE,,Field 9-26,ShortText,FieldDescription 9-26,TRUE,TRUE,,Field 9-27,ShortText,FieldDescription 9-27,TRUE,TRUE,,Field 9-28,ShortText,FieldDescription 9-28,TRUE,TRUE,,Field 9-29,ShortText,FieldDescription 9-29,TRUE,TRUE,,Field 9-30,ShortText,FieldDescription 9-30,TRUE,TRUE,,Field 9-31,ShortText,FieldDescription 9-31,TRUE,TRUE,,Field 9-32,ShortText,FieldDescription 9-32,TRUE,TRUE,,Field 9-33,ShortText,FieldDescription 9-33,TRUE,TRUE,,Field 9-34,ShortText,FieldDescription 9-34,TRUE,TRUE,,Field 9-35,ShortText,FieldDescription 9-35,TRUE,TRUE,
Template title 10,Template description 10,FALSE,5eb1ceb99fe6f700070e1e4f,filename.png,Field 10-1,LongText,FieldDescription 10-1,TRUE,TRUE,,Field 10-2,LongText,FieldDescription 10-2,TRUE,TRUE,,Field 10-3,LongText,FieldDescription 10-3,TRUE,TRUE,,Field 10-4,LongText,FieldDescription 10-4,TRUE,TRUE,,Field 10-5,LongText,FieldDescription 10-5,TRUE,TRUE,,Field 10-6,LongText,FieldDescription 10-6,TRUE,TRUE,,Field 10-7,LongText,FieldDescription 10-7,TRUE,TRUE,,Field 10-8,LongText,FieldDescription 10-8,TRUE,TRUE,,Field 10-9,LongText,FieldDescription 10-9,TRUE,TRUE,,Field 10-10,LongText,FieldDescription 10-10,TRUE,TRUE,,Field 10-11,LongText,FieldDescription 10-11,TRUE,TRUE,,Field 10-12,LongText,FieldDescription 10-12,TRUE,TRUE,,Field 10-13,LongText,FieldDescription 10-13,TRUE,TRUE,,Field 10-14,LongText,FieldDescription 10-14,TRUE,TRUE,,Field 10-15,LongText,FieldDescription 10-15,TRUE,TRUE,,Field 10-16,LongText,FieldDescription 10-16,TRUE,TRUE,,Field 10-17,LongText,FieldDescription 10-17,TRUE,TRUE,,Field 10-18,LongText,FieldDescription 10-18,TRUE,TRUE,,Field 10-19,LongText,FieldDescription 10-19,TRUE,TRUE,,Field 10-20,LongText,FieldDescription 10-20,TRUE,TRUE,,Field 10-21,LongText,FieldDescription 10-21,TRUE,TRUE,,Field 10-22,LongText,FieldDescription 10-22,TRUE,TRUE,,Field 10-23,LongText,FieldDescription 10-23,TRUE,TRUE,,Field 10-24,LongText,FieldDescription 10-24,TRUE,TRUE,,Field 10-25,LongText,FieldDescription 10-25,TRUE,TRUE,,Field 10-26,LongText,FieldDescription 10-26,TRUE,TRUE,,Field 10-27,LongText,FieldDescription 10-27,TRUE,TRUE,,Field 10-28,LongText,FieldDescription 10-28,TRUE,TRUE,,Field 10-29,LongText,FieldDescription 10-29,TRUE,TRUE,,Field 10-30,LongText,FieldDescription 10-30,TRUE,TRUE,,Field 10-31,LongText,FieldDescription 10-31,TRUE,TRUE,,Field 10-32,LongText,FieldDescription 10-32,TRUE,TRUE,,Field 10-33,LongText,FieldDescription 10-33,TRUE,TRUE,,Field 10-34,LongText,FieldDescription 10-34,TRUE,TRUE,,Field 10-35,LongText,FieldDescription 10-35,TRUE,TRUE,